id,set,weight,grade
8887,1,1.00,0
8888,1,1.00,0
8889,1,1.00,0
8890,1,1.00,0
8891,1,1.00,0
8892,1,1.00,0
8893,1,1.00,0
8894,1,1.00,0
8895,1,1.00,0
8896,1,1.00,0
8897,1,1.00,0
8898,1,1.00,0
8899,1,1.00,0
8900,1,1.00,0
8901,1,1.00,0
8902,1,1.00,0
8903,1,1.00,0
8904,1,1.00,0
8905,1,1.00,0
8906,1,1.00,0
8907,1,1.00,0
8908,1,1.00,0
8909,1,1.00,0
8910,1,1.00,0
8911,1,1.00,0
8912,1,1.00,0
8913,1,1.00,0
8914,1,1.00,0
8915,1,1.00,0
8916,1,1.00,0
8917,1,1.00,0
8918,1,1.00,0
8919,1,1.00,0
8920,1,1.00,0
8921,1,1.00,0
8922,1,1.00,0
8923,1,1.00,0
8924,1,1.00,0
8925,1,1.00,0
8926,1,1.00,0
8927,1,1.00,0
8928,1,1.00,0
8929,1,1.00,0
8930,1,1.00,0
8931,1,1.00,0
8932,1,1.00,0
8933,1,1.00,0
8934,1,1.00,0
8935,1,1.00,0
8936,1,1.00,0
8937,1,1.00,0
8938,1,1.00,0
8939,1,1.00,0
8940,1,1.00,0
8941,1,1.00,0
8942,1,1.00,0
8943,1,1.00,0
8944,1,1.00,0
8945,1,1.00,0
8946,1,1.00,0
8947,1,1.00,0
8948,1,1.00,0
8949,1,1.00,0
8950,1,1.00,0
8951,1,1.00,0
8952,1,1.00,0
8953,1,1.00,0
8954,1,1.00,0
8955,1,1.00,0
8956,1,1.00,0
8957,1,1.00,0
8958,1,1.00,0
8959,1,1.00,0
8960,1,1.00,0
8961,1,1.00,0
8962,1,1.00,0
8963,1,1.00,0
8964,1,1.00,0
8965,1,1.00,0
8966,1,1.00,0
8967,1,1.00,0
8968,1,1.00,0
8969,1,1.00,0
8970,1,1.00,0
8971,1,1.00,0
8972,1,1.00,0
8973,1,1.00,0
8974,1,1.00,0
8975,1,1.00,0
8976,1,1.00,0
8977,1,1.00,0
8978,1,1.00,0
8979,1,1.00,0
8980,1,1.00,0
8981,1,1.00,0
8982,1,1.00,0
8983,1,1.00,0
8984,1,1.00,0
8985,1,1.00,0
8986,1,1.00,0
8987,1,1.00,0
8988,1,1.00,0
8989,1,1.00,0
8990,1,1.00,0
8991,1,1.00,0
8992,1,1.00,0
8993,1,1.00,0
8994,1,1.00,0
8995,1,1.00,0
8996,1,1.00,0
8997,1,1.00,0
8998,1,1.00,0
8999,1,1.00,0
9000,1,1.00,0
9001,1,1.00,0
9002,1,1.00,0
9003,1,1.00,0
9004,1,1.00,0
9005,1,1.00,0
9006,1,1.00,0
9007,1,1.00,0
9008,1,1.00,0
9009,1,1.00,0
9010,1,1.00,0
9011,1,1.00,0
9012,1,1.00,0
9013,1,1.00,0
9014,1,1.00,0
9015,1,1.00,0
9016,1,1.00,0
9017,1,1.00,0
9018,1,1.00,0
9019,1,1.00,0
9020,1,1.00,0
9021,1,1.00,0
9022,1,1.00,0
9023,1,1.00,0
9024,1,1.00,0
9025,1,1.00,0
9026,1,1.00,0
9027,1,1.00,0
9028,1,1.00,0
9029,1,1.00,0
9030,1,1.00,0
9031,1,1.00,0
9032,1,1.00,0
9033,1,1.00,0
9034,1,1.00,0
9035,1,1.00,0
9036,1,1.00,0
9037,1,1.00,0
9038,1,1.00,0
9039,1,1.00,0
9040,1,1.00,0
9041,1,1.00,0
9042,1,1.00,0
9043,1,1.00,0
9044,1,1.00,0
9045,1,1.00,0
9046,1,1.00,0
9047,1,1.00,0
9048,1,1.00,0
9049,1,1.00,0
9050,1,1.00,0
9051,1,1.00,0
9052,1,1.00,0
9053,1,1.00,0
9054,1,1.00,0
9055,1,1.00,0
9056,1,1.00,0
9057,1,1.00,0
9058,1,1.00,0
9059,1,1.00,0
9060,1,1.00,0
9061,1,1.00,0
9062,1,1.00,0
9063,1,1.00,0
9064,1,1.00,0
9065,1,1.00,0
9066,1,1.00,0
9067,1,1.00,0
9068,1,1.00,0
9069,1,1.00,0
9070,1,1.00,0
9071,1,1.00,0
9072,1,1.00,0
9073,1,1.00,0
9074,1,1.00,0
9075,1,1.00,0
9076,1,1.00,0
9077,1,1.00,0
9078,1,1.00,0
9079,1,1.00,0
9080,1,1.00,0
9081,1,1.00,0
9082,1,1.00,0
9083,1,1.00,0
9084,1,1.00,0
9085,1,1.00,0
9086,1,1.00,0
9087,1,1.00,0
9088,1,1.00,0
9089,1,1.00,0
9090,1,1.00,0
9091,1,1.00,0
9092,1,1.00,0
9093,1,1.00,0
9094,1,1.00,0
9095,1,1.00,0
9096,1,1.00,0
9097,1,1.00,0
9098,1,1.00,0
9099,1,1.00,0
9100,1,1.00,0
9101,1,1.00,0
9102,1,1.00,0
9103,1,1.00,0
9104,1,1.00,0
9105,1,1.00,0
9106,1,1.00,0
9107,1,1.00,0
9108,1,1.00,0
9109,1,1.00,0
9110,1,1.00,0
9111,1,1.00,0
9112,1,1.00,0
9113,1,1.00,0
9114,1,1.00,0
9115,1,1.00,0
9116,1,1.00,0
9117,1,1.00,0
9118,1,1.00,0
9119,1,1.00,0
9120,1,1.00,0
9121,1,1.00,0
9122,1,1.00,0
9123,1,1.00,0
9124,1,1.00,0
9125,1,1.00,0
9126,1,1.00,0
9127,1,1.00,0
9128,1,1.00,0
9129,1,1.00,0
9130,1,1.00,0
9131,1,1.00,0
9132,1,1.00,0
9133,1,1.00,0
9134,1,1.00,0
9135,1,1.00,0
9136,1,1.00,0
9137,1,1.00,0
9138,1,1.00,0
9139,1,1.00,0
9140,1,1.00,0
9141,1,1.00,0
9142,1,1.00,0
9143,1,1.00,0
9144,1,1.00,0
9145,1,1.00,0
9146,1,1.00,0
9147,1,1.00,0
9148,1,1.00,0
9149,1,1.00,0
9150,1,1.00,0
9151,1,1.00,0
9152,1,1.00,0
9153,1,1.00,0
9154,1,1.00,0
9155,1,1.00,0
9156,1,1.00,0
9157,1,1.00,0
9158,1,1.00,0
9159,1,1.00,0
9160,1,1.00,0
9161,1,1.00,0
9162,1,1.00,0
9163,1,1.00,0
9164,1,1.00,0
9165,1,1.00,0
9166,1,1.00,0
9167,1,1.00,0
9168,1,1.00,0
9169,1,1.00,0
9170,1,1.00,0
9171,1,1.00,0
9172,1,1.00,0
9173,1,1.00,0
9174,1,1.00,0
9175,1,1.00,0
9176,1,1.00,0
9177,1,1.00,0
9178,1,1.00,0
9179,1,1.00,0
9180,1,1.00,0
9181,1,1.00,0
9182,1,1.00,0
9183,1,1.00,0
9184,1,1.00,0
9185,1,1.00,0
9186,1,1.00,0
9187,1,1.00,0
9188,1,1.00,0
9189,1,1.00,0
9190,1,1.00,0
9191,1,1.00,0
9192,1,1.00,0
9193,1,1.00,0
9194,1,1.00,0
9195,1,1.00,0
9196,1,1.00,0
9197,1,1.00,0
9198,1,1.00,0
9199,1,1.00,0
9200,1,1.00,0
9201,1,1.00,0
9202,1,1.00,0
9203,1,1.00,0
9204,1,1.00,0
9205,1,1.00,0
9206,1,1.00,0
9207,1,1.00,0
9208,1,1.00,0
9209,1,1.00,0
9210,1,1.00,0
9211,1,1.00,0
9212,1,1.00,0
9213,1,1.00,0
9214,1,1.00,0
9215,1,1.00,0
9216,1,1.00,0
9217,1,1.00,0
9218,1,1.00,0
9219,1,1.00,0
9220,1,1.00,0
9221,1,1.00,0
9222,1,1.00,0
9223,1,1.00,0
9224,1,1.00,0
9225,1,1.00,0
9226,1,1.00,0
9227,1,1.00,0
9228,1,1.00,0
9229,1,1.00,0
9230,1,1.00,0
9231,1,1.00,0
9232,1,1.00,0
9233,1,1.00,0
9234,1,1.00,0
9235,1,1.00,0
9236,1,1.00,0
9237,1,1.00,0
9238,1,1.00,0
9239,1,1.00,0
9240,1,1.00,0
9241,1,1.00,0
9242,1,1.00,0
9243,1,1.00,0
9244,1,1.00,0
9245,1,1.00,0
9246,1,1.00,0
9247,1,1.00,0
9248,1,1.00,0
9249,1,1.00,0
9250,1,1.00,0
9251,1,1.00,0
9252,1,1.00,0
9253,1,1.00,0
9254,1,1.00,0
9255,1,1.00,0
9256,1,1.00,0
9257,1,1.00,0
9258,1,1.00,0
9259,1,1.00,0
9260,1,1.00,0
9261,1,1.00,0
9262,1,1.00,0
9263,1,1.00,0
9264,1,1.00,0
9265,1,1.00,0
9266,1,1.00,0
9267,1,1.00,0
9268,1,1.00,0
9269,1,1.00,0
9270,1,1.00,0
9271,1,1.00,0
9272,1,1.00,0
9273,1,1.00,0
9274,1,1.00,0
9275,1,1.00,0
9276,1,1.00,0
9277,1,1.00,0
9278,1,1.00,0
9279,1,1.00,0
9280,1,1.00,0
9281,1,1.00,0
9282,1,1.00,0
9283,1,1.00,0
9284,1,1.00,0
9285,1,1.00,0
9286,1,1.00,0
9287,1,1.00,0
9288,1,1.00,0
9289,1,1.00,0
9290,1,1.00,0
9291,1,1.00,0
9292,1,1.00,0
9293,1,1.00,0
9294,1,1.00,0
9295,1,1.00,0
9296,1,1.00,0
9297,1,1.00,0
9298,1,1.00,0
9299,1,1.00,0
9300,1,1.00,0
9301,1,1.00,0
9302,1,1.00,0
9303,1,1.00,0
9304,1,1.00,0
9305,1,1.00,0
9306,1,1.00,0
9307,1,1.00,0
9308,1,1.00,0
9309,1,1.00,0
9310,1,1.00,0
9311,1,1.00,0
9312,1,1.00,0
9313,1,1.00,0
9314,1,1.00,0
9315,1,1.00,0
9316,1,1.00,0
9317,1,1.00,0
9318,1,1.00,0
9319,1,1.00,0
9320,1,1.00,0
9321,1,1.00,0
9322,1,1.00,0
9323,1,1.00,0
9324,1,1.00,0
9325,1,1.00,0
9326,1,1.00,0
9327,1,1.00,0
9328,1,1.00,0
9329,1,1.00,0
9330,1,1.00,0
9331,1,1.00,0
9332,1,1.00,0
9333,1,1.00,0
9334,1,1.00,0
9335,1,1.00,0
9336,1,1.00,0
9337,1,1.00,0
9338,1,1.00,0
9339,1,1.00,0
9340,1,1.00,0
9341,1,1.00,0
9342,1,1.00,0
9343,1,1.00,0
9344,1,1.00,0
9345,1,1.00,0
9346,1,1.00,0
9347,1,1.00,0
9348,1,1.00,0
9349,1,1.00,0
9350,1,1.00,0
9351,1,1.00,0
9352,1,1.00,0
9353,1,1.00,0
9354,1,1.00,0
9355,1,1.00,0
9356,1,1.00,0
9357,1,1.00,0
9358,1,1.00,0
9359,1,1.00,0
9360,1,1.00,0
9361,1,1.00,0
9362,1,1.00,0
9363,1,1.00,0
9364,1,1.00,0
9365,1,1.00,0
9366,1,1.00,0
9367,1,1.00,0
9368,1,1.00,0
9369,1,1.00,0
9370,1,1.00,0
9371,1,1.00,0
9372,1,1.00,0
9373,1,1.00,0
9374,1,1.00,0
9375,1,1.00,0
9376,1,1.00,0
9377,1,1.00,0
9378,1,1.00,0
9379,1,1.00,0
9380,1,1.00,0
9381,1,1.00,0
9382,1,1.00,0
9383,1,1.00,0
9384,1,1.00,0
9385,1,1.00,0
9386,1,1.00,0
9387,1,1.00,0
9388,1,1.00,0
9389,1,1.00,0
9390,1,1.00,0
9391,1,1.00,0
9392,1,1.00,0
9393,1,1.00,0
9394,1,1.00,0
9395,1,1.00,0
9396,1,1.00,0
9397,1,1.00,0
9398,1,1.00,0
9399,1,1.00,0
9400,1,1.00,0
9401,1,1.00,0
9402,1,1.00,0
9403,1,1.00,0
9404,1,1.00,0
9405,1,1.00,0
9406,1,1.00,0
9407,1,1.00,0
9408,1,1.00,0
9409,1,1.00,0
9410,1,1.00,0
9411,1,1.00,0
9412,1,1.00,0
9413,1,1.00,0
9414,1,1.00,0
9415,1,1.00,0
9416,1,1.00,0
9417,1,1.00,0
9418,1,1.00,0
9419,1,1.00,0
9420,1,1.00,0
9421,1,1.00,0
9422,1,1.00,0
9423,1,1.00,0
9424,1,1.00,0
9425,1,1.00,0
9426,1,1.00,0
9427,1,1.00,0
9428,1,1.00,0
9429,1,1.00,0
9430,1,1.00,0
9431,1,1.00,0
9432,1,1.00,0
9433,1,1.00,0
9434,1,1.00,0
9435,1,1.00,0
9436,1,1.00,0
9437,1,1.00,0
9438,1,1.00,0
9439,1,1.00,0
9440,1,1.00,0
9441,1,1.00,0
9442,1,1.00,0
9443,1,1.00,0
9444,1,1.00,0
9445,1,1.00,0
9446,1,1.00,0
9447,1,1.00,0
9448,1,1.00,0
9449,1,1.00,0
9450,1,1.00,0
9451,1,1.00,0
9452,1,1.00,0
9453,1,1.00,0
9454,1,1.00,0
9455,1,1.00,0
9456,1,1.00,0
9457,1,1.00,0
9458,1,1.00,0
9459,1,1.00,0
9460,1,1.00,0
9461,1,1.00,0
9462,1,1.00,0
9463,1,1.00,0
9464,1,1.00,0
9465,1,1.00,0
9466,1,1.00,0
9467,1,1.00,0
9468,1,1.00,0
9469,1,1.00,0
9470,1,1.00,0
9471,1,1.00,0
9472,1,1.00,0
9473,1,1.00,0
9474,1,1.00,0
9475,1,1.00,0
9476,1,1.00,0
9477,1,1.00,0
9478,1,1.00,0
9479,1,1.00,0
9480,1,1.00,0
9481,2,1.00,0
9482,2,1.00,0
9483,2,1.00,0
9484,2,1.00,0
9485,2,1.00,0
9486,2,1.00,0
9487,2,1.00,0
9488,2,1.00,0
9489,2,1.00,0
9490,2,1.00,0
9491,2,1.00,0
9492,2,1.00,0
9493,2,1.00,0
9494,2,1.00,0
9495,2,1.00,0
9496,2,1.00,0
9497,2,1.00,0
9498,2,1.00,0
9499,2,1.00,0
9500,2,1.00,0
9501,2,1.00,0
9502,2,1.00,0
9503,2,1.00,0
9504,2,1.00,0
9505,2,1.00,0
9506,2,1.00,0
9507,2,1.00,0
9508,2,1.00,0
9509,2,1.00,0
9510,2,1.00,0
9511,2,1.00,0
9512,2,1.00,0
9513,2,1.00,0
9514,2,1.00,0
9515,2,1.00,0
9516,2,1.00,0
9517,2,1.00,0
9518,2,1.00,0
9519,2,1.00,0
9520,2,1.00,0
9521,2,1.00,0
9522,2,1.00,0
9523,2,1.00,0
9524,2,1.00,0
9525,2,1.00,0
9526,2,1.00,0
9527,2,1.00,0
9528,2,1.00,0
9529,2,1.00,0
9530,2,1.00,0
9531,2,1.00,0
9532,2,1.00,0
9533,2,1.00,0
9534,2,1.00,0
9535,2,1.00,0
9536,2,1.00,0
9537,2,1.00,0
9538,2,1.00,0
9539,2,1.00,0
9540,2,1.00,0
9541,2,1.00,0
9542,2,1.00,0
9543,2,1.00,0
9544,2,1.00,0
9545,2,1.00,0
9546,2,1.00,0
9547,2,1.00,0
9548,2,1.00,0
9549,2,1.00,0
9550,2,1.00,0
9551,2,1.00,0
9552,2,1.00,0
9553,2,1.00,0
9554,2,1.00,0
9555,2,1.00,0
9556,2,1.00,0
9557,2,1.00,0
9558,2,1.00,0
9559,2,1.00,0
9560,2,1.00,0
9561,2,1.00,0
9562,2,1.00,0
9563,2,1.00,0
9564,2,1.00,0
9565,2,1.00,0
9566,2,1.00,0
9567,2,1.00,0
9568,2,1.00,0
9569,2,1.00,0
9570,2,1.00,0
9571,2,1.00,0
9572,2,1.00,0
9573,2,1.00,0
9574,2,1.00,0
9575,2,1.00,0
9576,2,1.00,0
9577,2,1.00,0
9578,2,1.00,0
9579,2,1.00,0
9580,2,1.00,0
9581,2,1.00,0
9582,2,1.00,0
9583,2,1.00,0
9584,2,1.00,0
9585,2,1.00,0
9586,2,1.00,0
9587,2,1.00,0
9588,2,1.00,0
9589,2,1.00,0
9590,2,1.00,0
9591,2,1.00,0
9592,2,1.00,0
9593,2,1.00,0
9594,2,1.00,0
9595,2,1.00,0
9596,2,1.00,0
9597,2,1.00,0
9598,2,1.00,0
9599,2,1.00,0
9600,2,1.00,0
9601,2,1.00,0
9602,2,1.00,0
9603,2,1.00,0
9604,2,1.00,0
9605,2,1.00,0
9606,2,1.00,0
9607,2,1.00,0
9608,2,1.00,0
9609,2,1.00,0
9610,2,1.00,0
9611,2,1.00,0
9612,2,1.00,0
9613,2,1.00,0
9614,2,1.00,0
9615,2,1.00,0
9616,2,1.00,0
9617,2,1.00,0
9618,2,1.00,0
9619,2,1.00,0
9620,2,1.00,0
9621,2,1.00,0
9622,2,1.00,0
9623,2,1.00,0
9624,2,1.00,0
9625,2,1.00,0
9626,2,1.00,0
9627,2,1.00,0
9628,2,1.00,0
9629,2,1.00,0
9630,2,1.00,0
9631,2,1.00,0
9632,2,1.00,0
9633,2,1.00,0
9634,2,1.00,0
9635,2,1.00,0
9636,2,1.00,0
9637,2,1.00,0
9638,2,1.00,0
9639,2,1.00,0
9640,2,1.00,0
9641,2,1.00,0
9642,2,1.00,0
9643,2,1.00,0
9644,2,1.00,0
9645,2,1.00,0
9646,2,1.00,0
9647,2,1.00,0
9648,2,1.00,0
9649,2,1.00,0
9650,2,1.00,0
9651,2,1.00,0
9652,2,1.00,0
9653,2,1.00,0
9654,2,1.00,0
9655,2,1.00,0
9656,2,1.00,0
9657,2,1.00,0
9658,2,1.00,0
9659,2,1.00,0
9660,2,1.00,0
9661,2,1.00,0
9662,2,1.00,0
9663,2,1.00,0
9664,2,1.00,0
9665,2,1.00,0
9666,2,1.00,0
9667,2,1.00,0
9668,2,1.00,0
9669,2,1.00,0
9670,2,1.00,0
9671,2,1.00,0
9672,2,1.00,0
9673,2,1.00,0
9674,2,1.00,0
9675,2,1.00,0
9676,2,1.00,0
9677,2,1.00,0
9678,2,1.00,0
9679,2,1.00,0
9680,2,1.00,0
9681,2,1.00,0
9682,2,1.00,0
9683,2,1.00,0
9684,2,1.00,0
9685,2,1.00,0
9686,2,1.00,0
9687,2,1.00,0
9688,2,1.00,0
9689,2,1.00,0
9690,2,1.00,0
9691,2,1.00,0
9692,2,1.00,0
9693,2,1.00,0
9694,2,1.00,0
9695,2,1.00,0
9696,2,1.00,0
9697,2,1.00,0
9698,2,1.00,0
9699,2,1.00,0
9700,2,1.00,0
9701,2,1.00,0
9702,2,1.00,0
9703,2,1.00,0
9704,2,1.00,0
9705,2,1.00,0
9706,2,1.00,0
9707,2,1.00,0
9708,2,1.00,0
9709,2,1.00,0
9710,2,1.00,0
9711,2,1.00,0
9712,2,1.00,0
9713,2,1.00,0
9714,2,1.00,0
9715,2,1.00,0
9716,2,1.00,0
9717,2,1.00,0
9718,2,1.00,0
9719,2,1.00,0
9720,2,1.00,0
9721,2,1.00,0
9722,2,1.00,0
9723,2,1.00,0
9724,2,1.00,0
9725,2,1.00,0
9726,2,1.00,0
9727,2,1.00,0
9728,2,1.00,0
9729,2,1.00,0
9730,2,1.00,0
9731,2,1.00,0
9732,2,1.00,0
9733,2,1.00,0
9734,2,1.00,0
9735,2,1.00,0
9736,2,1.00,0
9737,2,1.00,0
9738,2,1.00,0
9739,2,1.00,0
9740,2,1.00,0
9741,2,1.00,0
9742,2,1.00,0
9743,2,1.00,0
9744,2,1.00,0
9745,2,1.00,0
9746,2,1.00,0
9747,2,1.00,0
9748,2,1.00,0
9749,2,1.00,0
9750,2,1.00,0
9751,2,1.00,0
9752,2,1.00,0
9753,2,1.00,0
9754,2,1.00,0
9755,2,1.00,0
9756,2,1.00,0
9757,2,1.00,0
9758,2,1.00,0
9759,2,1.00,0
9760,2,1.00,0
9761,2,1.00,0
9762,2,1.00,0
9763,2,1.00,0
9764,2,1.00,0
9765,2,1.00,0
9766,2,1.00,0
9767,2,1.00,0
9768,2,1.00,0
9769,2,1.00,0
9770,2,1.00,0
9771,2,1.00,0
9772,2,1.00,0
9773,2,1.00,0
9774,2,1.00,0
9775,2,1.00,0
9776,2,1.00,0
9777,2,1.00,0
9778,2,1.00,0
9779,2,1.00,0
9780,2,1.00,0
9781,2,1.00,0
9782,2,1.00,0
9783,2,1.00,0
9784,2,1.00,0
9785,2,1.00,0
9786,2,1.00,0
9787,2,1.00,0
9788,2,1.00,0
9789,2,1.00,0
9790,2,1.00,0
9791,2,1.00,0
9792,2,1.00,0
9793,2,1.00,0
9794,2,1.00,0
9795,2,1.00,0
9796,2,1.00,0
9797,2,1.00,0
9798,2,1.00,0
9799,2,1.00,0
9800,2,1.00,0
9801,2,1.00,0
9802,2,1.00,0
9803,2,1.00,0
9804,2,1.00,0
9805,2,1.00,0
9806,2,1.00,0
9807,2,1.00,0
9808,2,1.00,0
9809,2,1.00,0
9810,2,1.00,0
9811,2,1.00,0
9812,2,1.00,0
9813,2,1.00,0
9814,2,1.00,0
9815,2,1.00,0
9816,2,1.00,0
9817,2,1.00,0
9818,2,1.00,0
9819,2,1.00,0
9820,2,1.00,0
9821,2,1.00,0
9822,2,1.00,0
9823,2,1.00,0
9824,2,1.00,0
9825,2,1.00,0
9826,2,1.00,0
9827,2,1.00,0
9828,2,1.00,0
9829,2,1.00,0
9830,2,1.00,0
9831,2,1.00,0
9832,2,1.00,0
9833,2,1.00,0
9834,2,1.00,0
9835,2,1.00,0
9836,2,1.00,0
9837,2,1.00,0
9838,2,1.00,0
9839,2,1.00,0
9840,2,1.00,0
9841,2,1.00,0
9842,2,1.00,0
9843,2,1.00,0
9844,2,1.00,0
9845,2,1.00,0
9846,2,1.00,0
9847,2,1.00,0
9848,2,1.00,0
9849,2,1.00,0
9850,2,1.00,0
9851,2,1.00,0
9852,2,1.00,0
9853,2,1.00,0
9854,2,1.00,0
9855,2,1.00,0
9856,2,1.00,0
9857,2,1.00,0
9858,2,1.00,0
9859,2,1.00,0
9860,2,1.00,0
9861,2,1.00,0
9862,2,1.00,0
9863,2,1.00,0
9864,2,1.00,0
9865,2,1.00,0
9866,2,1.00,0
9867,2,1.00,0
9868,2,1.00,0
9869,2,1.00,0
9870,2,1.00,0
9871,2,1.00,0
9872,2,1.00,0
9873,2,1.00,0
9874,2,1.00,0
9875,2,1.00,0
9876,2,1.00,0
9877,2,1.00,0
9878,2,1.00,0
9879,2,1.00,0
9880,2,1.00,0
9881,2,1.00,0
9882,2,1.00,0
9883,2,1.00,0
9884,2,1.00,0
9885,2,1.00,0
9886,2,1.00,0
9887,2,1.00,0
9888,2,1.00,0
9889,2,1.00,0
9890,2,1.00,0
9891,2,1.00,0
9892,2,1.00,0
9893,2,1.00,0
9894,2,1.00,0
9895,2,1.00,0
9896,2,1.00,0
9897,2,1.00,0
9898,2,1.00,0
9899,2,1.00,0
9900,2,1.00,0
9901,2,1.00,0
9902,2,1.00,0
9903,2,1.00,0
9904,2,1.00,0
9905,2,1.00,0
9906,2,1.00,0
9907,2,1.00,0
9908,2,1.00,0
9909,2,1.00,0
9910,2,1.00,0
9911,2,1.00,0
9912,2,1.00,0
9913,2,1.00,0
9914,2,1.00,0
9915,2,1.00,0
9916,2,1.00,0
9917,2,1.00,0
9918,2,1.00,0
9919,2,1.00,0
9920,2,1.00,0
9921,2,1.00,0
9922,2,1.00,0
9923,2,1.00,0
9924,2,1.00,0
9925,2,1.00,0
9926,2,1.00,0
9927,2,1.00,0
9928,2,1.00,0
9929,2,1.00,0
9930,2,1.00,0
9931,2,1.00,0
9932,2,1.00,0
9933,2,1.00,0
9934,2,1.00,0
9935,2,1.00,0
9936,2,1.00,0
9937,2,1.00,0
9938,2,1.00,0
9939,2,1.00,0
9940,2,1.00,0
9941,2,1.00,0
9942,2,1.00,0
9943,2,1.00,0
9944,2,1.00,0
9945,2,1.00,0
9946,2,1.00,0
9947,2,1.00,0
9948,2,1.00,0
9949,2,1.00,0
9950,2,1.00,0
9951,2,1.00,0
9952,2,1.00,0
9953,2,1.00,0
9954,2,1.00,0
9955,2,1.00,0
9956,2,1.00,0
9957,2,1.00,0
9958,2,1.00,0
9959,2,1.00,0
9960,2,1.00,0
9961,2,1.00,0
9962,2,1.00,0
9963,2,1.00,0
9964,2,1.00,0
9965,2,1.00,0
9966,2,1.00,0
9967,2,1.00,0
9968,2,1.00,0
9969,2,1.00,0
9970,2,1.00,0
9971,2,1.00,0
9972,2,1.00,0
9973,2,1.00,0
9974,2,1.00,0
9975,2,1.00,0
9976,2,1.00,0
9977,2,1.00,0
9978,2,1.00,0
9979,2,1.00,0
9980,2,1.00,0
9981,2,1.00,0
9982,2,1.00,0
9983,2,1.00,0
9984,2,1.00,0
9985,2,1.00,0
9986,2,1.00,0
9987,2,1.00,0
9988,2,1.00,0
9989,2,1.00,0
9990,2,1.00,0
9991,2,1.00,0
9992,2,1.00,0
9993,2,1.00,0
9994,2,1.00,0
9995,2,1.00,0
9996,2,1.00,0
9997,2,1.00,0
9998,2,1.00,0
9999,2,1.00,0
10000,2,1.00,0
10001,2,1.00,0
10002,2,1.00,0
10003,2,1.00,0
10004,2,1.00,0
10005,2,1.00,0
10006,2,1.00,0
10007,2,1.00,0
10008,2,1.00,0
10009,2,1.00,0
10010,2,1.00,0
10011,2,1.00,0
10012,2,1.00,0
10013,2,1.00,0
10014,2,1.00,0
10015,2,1.00,0
10016,2,1.00,0
10017,2,1.00,0
10018,2,1.00,0
10019,2,1.00,0
10020,2,1.00,0
10021,2,1.00,0
10022,2,1.00,0
10023,2,1.00,0
10024,2,1.00,0
10025,2,1.00,0
10026,2,1.00,0
10027,2,1.00,0
10028,2,1.00,0
10029,2,1.00,0
10030,2,1.00,0
10031,2,1.00,0
10032,2,1.00,0
10033,2,1.00,0
10034,2,1.00,0
10035,2,1.00,0
10036,2,1.00,0
10037,2,1.00,0
10038,2,1.00,0
10039,2,1.00,0
10040,2,1.00,0
10041,2,1.00,0
10042,2,1.00,0
10043,2,1.00,0
10044,2,1.00,0
10045,2,1.00,0
10046,2,1.00,0
10047,2,1.00,0
10048,2,1.00,0
10049,2,1.00,0
10050,2,1.00,0
10051,2,1.00,0
10052,2,1.00,0
10053,2,1.00,0
10054,2,1.00,0
10055,2,1.00,0
10056,2,1.00,0
10057,2,1.00,0
10058,2,1.00,0
10059,2,1.00,0
10060,2,1.00,0
10061,2,1.00,0
10062,2,1.00,0
10063,2,1.00,0
10064,2,1.00,0
10065,2,1.00,0
10066,2,1.00,0
10067,2,1.00,0
10068,2,1.00,0
10069,2,1.00,0
10070,2,1.00,0
10071,2,1.00,0
10072,2,1.00,0
10073,2,1.00,0
10074,2,1.00,0
10075,2,1.00,0
10076,2,1.00,0
10077,2,1.00,0
10078,2,1.00,0
10079,2,1.00,0
10080,2,1.00,0
10081,3,1.00,0
10082,3,1.00,0
10083,3,1.00,0
10084,3,1.00,0
10085,3,1.00,0
10086,3,1.00,0
10087,3,1.00,0
10088,3,1.00,0
10089,3,1.00,0
10090,3,1.00,0
10091,3,1.00,0
10092,3,1.00,0
10093,3,1.00,0
10094,3,1.00,0
10095,3,1.00,0
10096,3,1.00,0
10097,3,1.00,0
10098,3,1.00,0
10099,3,1.00,0
10100,3,1.00,0
10101,3,1.00,0
10102,3,1.00,0
10103,3,1.00,0
10104,3,1.00,0
10105,3,1.00,0
10106,3,1.00,0
10107,3,1.00,0
10108,3,1.00,0
10109,3,1.00,0
10110,3,1.00,0
10111,3,1.00,0
10112,3,1.00,0
10113,3,1.00,0
10114,3,1.00,0
10115,3,1.00,0
10116,3,1.00,0
10117,3,1.00,0
10118,3,1.00,0
10119,3,1.00,0
10120,3,1.00,0
10121,3,1.00,0
10122,3,1.00,0
10123,3,1.00,0
10124,3,1.00,0
10125,3,1.00,0
10126,3,1.00,0
10127,3,1.00,0
10128,3,1.00,0
10129,3,1.00,0
10130,3,1.00,0
10131,3,1.00,0
10132,3,1.00,0
10133,3,1.00,0
10134,3,1.00,0
10135,3,1.00,0
10136,3,1.00,0
10137,3,1.00,0
10138,3,1.00,0
10139,3,1.00,0
10140,3,1.00,0
10141,3,1.00,0
10142,3,1.00,0
10143,3,1.00,0
10144,3,1.00,0
10145,3,1.00,0
10146,3,1.00,0
10147,3,1.00,0
10148,3,1.00,0
10149,3,1.00,0
10150,3,1.00,0
10151,3,1.00,0
10152,3,1.00,0
10153,3,1.00,0
10154,3,1.00,0
10155,3,1.00,0
10156,3,1.00,0
10157,3,1.00,0
10158,3,1.00,0
10159,3,1.00,0
10160,3,1.00,0
10161,3,1.00,0
10162,3,1.00,0
10163,3,1.00,0
10164,3,1.00,0
10165,3,1.00,0
10166,3,1.00,0
10167,3,1.00,0
10168,3,1.00,0
10169,3,1.00,0
10170,3,1.00,0
10171,3,1.00,0
10172,3,1.00,0
10173,3,1.00,0
10174,3,1.00,0
10175,3,1.00,0
10176,3,1.00,0
10177,3,1.00,0
10178,3,1.00,0
10179,3,1.00,0
10180,3,1.00,0
10181,3,1.00,0
10182,3,1.00,0
10183,3,1.00,0
10184,3,1.00,0
10185,3,1.00,0
10186,3,1.00,0
10187,3,1.00,0
10188,3,1.00,0
10189,3,1.00,0
10190,3,1.00,0
10191,3,1.00,0
10192,3,1.00,0
10193,3,1.00,0
10194,3,1.00,0
10195,3,1.00,0
10196,3,1.00,0
10197,3,1.00,0
10198,3,1.00,0
10199,3,1.00,0
10200,3,1.00,0
10201,3,1.00,0
10202,3,1.00,0
10203,3,1.00,0
10204,3,1.00,0
10205,3,1.00,0
10206,3,1.00,0
10207,3,1.00,0
10208,3,1.00,0
10209,3,1.00,0
10210,3,1.00,0
10211,3,1.00,0
10212,3,1.00,0
10213,3,1.00,0
10214,3,1.00,0
10215,3,1.00,0
10216,3,1.00,0
10217,3,1.00,0
10218,3,1.00,0
10219,3,1.00,0
10220,3,1.00,0
10221,3,1.00,0
10222,3,1.00,0
10223,3,1.00,0
10224,3,1.00,0
10225,3,1.00,0
10226,3,1.00,0
10227,3,1.00,0
10228,3,1.00,0
10229,3,1.00,0
10230,3,1.00,0
10231,3,1.00,0
10232,3,1.00,0
10233,3,1.00,0
10234,3,1.00,0
10235,3,1.00,0
10236,3,1.00,0
10237,3,1.00,0
10238,3,1.00,0
10239,3,1.00,0
10240,3,1.00,0
10241,3,1.00,0
10242,3,1.00,0
10243,3,1.00,0
10244,3,1.00,0
10245,3,1.00,0
10246,3,1.00,0
10247,3,1.00,0
10248,3,1.00,0
10249,3,1.00,0
10250,3,1.00,0
10251,3,1.00,0
10252,3,1.00,0
10253,3,1.00,0
10254,3,1.00,0
10255,3,1.00,0
10256,3,1.00,0
10257,3,1.00,0
10258,3,1.00,0
10259,3,1.00,0
10260,3,1.00,0
10261,3,1.00,0
10262,3,1.00,0
10263,3,1.00,0
10264,3,1.00,0
10265,3,1.00,0
10266,3,1.00,0
10267,3,1.00,0
10268,3,1.00,0
10269,3,1.00,0
10270,3,1.00,0
10271,3,1.00,0
10272,3,1.00,0
10273,3,1.00,0
10274,3,1.00,0
10275,3,1.00,0
10276,3,1.00,0
10277,3,1.00,0
10278,3,1.00,0
10279,3,1.00,0
10280,3,1.00,0
10281,3,1.00,0
10282,3,1.00,0
10283,3,1.00,0
10284,3,1.00,0
10285,3,1.00,0
10286,3,1.00,0
10287,3,1.00,0
10288,3,1.00,0
10289,3,1.00,0
10290,3,1.00,0
10291,3,1.00,0
10292,3,1.00,0
10293,3,1.00,0
10294,3,1.00,0
10295,3,1.00,0
10296,3,1.00,0
10297,3,1.00,0
10298,3,1.00,0
10299,3,1.00,0
10300,3,1.00,0
10301,3,1.00,0
10302,3,1.00,0
10303,3,1.00,0
10304,3,1.00,0
10305,3,1.00,0
10306,3,1.00,0
10307,3,1.00,0
10308,3,1.00,0
10309,3,1.00,0
10310,3,1.00,0
10311,3,1.00,0
10312,3,1.00,0
10313,3,1.00,0
10314,3,1.00,0
10315,3,1.00,0
10316,3,1.00,0
10317,3,1.00,0
10318,3,1.00,0
10319,3,1.00,0
10320,3,1.00,0
10321,3,1.00,0
10322,3,1.00,0
10323,3,1.00,0
10324,3,1.00,0
10325,3,1.00,0
10326,3,1.00,0
10327,3,1.00,0
10328,3,1.00,0
10329,3,1.00,0
10330,3,1.00,0
10331,3,1.00,0
10332,3,1.00,0
10333,3,1.00,0
10334,3,1.00,0
10335,3,1.00,0
10336,3,1.00,0
10337,3,1.00,0
10338,3,1.00,0
10339,3,1.00,0
10340,3,1.00,0
10341,3,1.00,0
10342,3,1.00,0
10343,3,1.00,0
10344,3,1.00,0
10345,3,1.00,0
10346,3,1.00,0
10347,3,1.00,0
10348,3,1.00,0
10349,3,1.00,0
10350,3,1.00,0
10351,3,1.00,0
10352,3,1.00,0
10353,3,1.00,0
10354,3,1.00,0
10355,3,1.00,0
10356,3,1.00,0
10357,3,1.00,0
10358,3,1.00,0
10359,3,1.00,0
10360,3,1.00,0
10361,3,1.00,0
10362,3,1.00,0
10363,3,1.00,0
10364,3,1.00,0
10365,3,1.00,0
10366,3,1.00,0
10367,3,1.00,0
10368,3,1.00,0
10369,3,1.00,0
10370,3,1.00,0
10371,3,1.00,0
10372,3,1.00,0
10373,3,1.00,0
10374,3,1.00,0
10375,3,1.00,0
10376,3,1.00,0
10377,3,1.00,0
10378,3,1.00,0
10379,3,1.00,0
10380,3,1.00,0
10381,3,1.00,0
10382,3,1.00,0
10383,3,1.00,0
10384,3,1.00,0
10385,3,1.00,0
10386,3,1.00,0
10387,3,1.00,0
10388,3,1.00,0
10389,3,1.00,0
10390,3,1.00,0
10391,3,1.00,0
10392,3,1.00,0
10393,3,1.00,0
10394,3,1.00,0
10395,3,1.00,0
10396,3,1.00,0
10397,3,1.00,0
10398,3,1.00,0
10399,3,1.00,0
10400,3,1.00,0
10401,3,1.00,0
10402,3,1.00,0
10403,3,1.00,0
10404,3,1.00,0
10405,3,1.00,0
10406,3,1.00,0
10407,3,1.00,0
10408,3,1.00,0
10409,3,1.00,0
10410,3,1.00,0
10411,3,1.00,0
10412,3,1.00,0
10413,3,1.00,0
10414,3,1.00,0
10415,3,1.00,0
10416,3,1.00,0
10417,3,1.00,0
10418,3,1.00,0
10419,3,1.00,0
10420,3,1.00,0
10421,3,1.00,0
10422,3,1.00,0
10423,3,1.00,0
10424,3,1.00,0
10425,3,1.00,0
10426,3,1.00,0
10427,3,1.00,0
10428,3,1.00,0
10429,3,1.00,0
10430,3,1.00,0
10431,3,1.00,0
10432,3,1.00,0
10433,3,1.00,0
10434,3,1.00,0
10435,3,1.00,0
10436,3,1.00,0
10437,3,1.00,0
10438,3,1.00,0
10439,3,1.00,0
10440,3,1.00,0
10441,3,1.00,0
10442,3,1.00,0
10443,3,1.00,0
10444,3,1.00,0
10445,3,1.00,0
10446,3,1.00,0
10447,3,1.00,0
10448,3,1.00,0
10449,3,1.00,0
10450,3,1.00,0
10451,3,1.00,0
10452,3,1.00,0
10453,3,1.00,0
10454,3,1.00,0
10455,3,1.00,0
10456,3,1.00,0
10457,3,1.00,0
10458,3,1.00,0
10459,3,1.00,0
10460,3,1.00,0
10461,3,1.00,0
10462,3,1.00,0
10463,3,1.00,0
10464,3,1.00,0
10465,3,1.00,0
10466,3,1.00,0
10467,3,1.00,0
10468,3,1.00,0
10469,3,1.00,0
10470,3,1.00,0
10471,3,1.00,0
10472,3,1.00,0
10473,3,1.00,0
10474,3,1.00,0
10475,3,1.00,0
10476,3,1.00,0
10477,3,1.00,0
10478,3,1.00,0
10479,3,1.00,0
10480,3,1.00,0
10481,3,1.00,0
10482,3,1.00,0
10483,3,1.00,0
10484,3,1.00,0
10485,3,1.00,0
10486,3,1.00,0
10487,3,1.00,0
10488,3,1.00,0
10489,3,1.00,0
10490,3,1.00,0
10491,3,1.00,0
10492,3,1.00,0
10493,3,1.00,0
10494,3,1.00,0
10495,3,1.00,0
10496,3,1.00,0
10497,3,1.00,0
10498,3,1.00,0
10499,3,1.00,0
10500,3,1.00,0
10501,3,1.00,0
10502,3,1.00,0
10503,3,1.00,0
10504,3,1.00,0
10505,3,1.00,0
10506,3,1.00,0
10507,3,1.00,0
10508,3,1.00,0
10509,3,1.00,0
10510,3,1.00,0
10511,3,1.00,0
10512,3,1.00,0
10513,3,1.00,0
10514,3,1.00,0
10515,3,1.00,0
10516,3,1.00,0
10517,3,1.00,0
10518,3,1.00,0
10519,3,1.00,0
10520,3,1.00,0
10521,3,1.00,0
10522,3,1.00,0
10523,3,1.00,0
10524,3,1.00,0
10525,3,1.00,0
10526,3,1.00,0
10527,3,1.00,0
10528,3,1.00,0
10529,3,1.00,0
10530,3,1.00,0
10531,3,1.00,0
10532,3,1.00,0
10533,3,1.00,0
10534,3,1.00,0
10535,3,1.00,0
10536,3,1.00,0
10537,3,1.00,0
10538,3,1.00,0
10539,3,1.00,0
10540,3,1.00,0
10541,3,1.00,0
10542,3,1.00,0
10543,3,1.00,0
10544,3,1.00,0
10545,3,1.00,0
10546,3,1.00,0
10547,3,1.00,0
10548,3,1.00,0
10549,3,1.00,0
10550,3,1.00,0
10551,3,1.00,0
10552,3,1.00,0
10553,3,1.00,0
10554,3,1.00,0
10555,3,1.00,0
10556,3,1.00,0
10557,3,1.00,0
10558,3,1.00,0
10559,3,1.00,0
10560,3,1.00,0
10561,3,1.00,0
10562,3,1.00,0
10563,3,1.00,0
10564,3,1.00,0
10565,3,1.00,0
10566,3,1.00,0
10567,3,1.00,0
10568,3,1.00,0
10569,3,1.00,0
10570,3,1.00,0
10571,3,1.00,0
10572,3,1.00,0
10573,3,1.00,0
10574,3,1.00,0
10575,3,1.00,0
10576,3,1.00,0
10577,3,1.00,0
10578,3,1.00,0
10579,3,1.00,0
10580,3,1.00,0
10581,3,1.00,0
10582,3,1.00,0
10583,3,1.00,0
10584,3,1.00,0
10585,3,1.00,0
10586,3,1.00,0
10587,3,1.00,0
10588,3,1.00,0
10589,3,1.00,0
10590,3,1.00,0
10591,3,1.00,0
10592,3,1.00,0
10593,3,1.00,0
10594,3,1.00,0
10595,3,1.00,0
10596,3,1.00,0
10597,3,1.00,0
10598,3,1.00,0
10599,3,1.00,0
10600,3,1.00,0
10601,3,1.00,0
10602,3,1.00,0
10603,3,1.00,0
10604,3,1.00,0
10605,3,1.00,0
10606,3,1.00,0
10607,3,1.00,0
10608,3,1.00,0
10609,3,1.00,0
10610,3,1.00,0
10611,3,1.00,0
10612,3,1.00,0
10613,3,1.00,0
10614,3,1.00,0
10615,3,1.00,0
10616,3,1.00,0
10617,3,1.00,0
10618,3,1.00,0
10619,3,1.00,0
10620,3,1.00,0
10621,3,1.00,0
10622,3,1.00,0
10623,3,1.00,0
10624,3,1.00,0
10625,3,1.00,0
10626,3,1.00,0
10627,3,1.00,0
10628,3,1.00,0
10629,3,1.00,0
10630,3,1.00,0
10631,3,1.00,0
10632,3,1.00,0
10633,3,1.00,0
10634,3,1.00,0
10635,3,1.00,0
10636,3,1.00,0
10637,3,1.00,0
10638,3,1.00,0
10639,3,1.00,0
10640,3,1.00,0
10641,3,1.00,0
10642,3,1.00,0
10643,3,1.00,0
10644,3,1.00,0
10645,4,1.00,0
10646,4,1.00,0
10647,4,1.00,0
10648,4,1.00,0
10649,4,1.00,0
10650,4,1.00,0
10651,4,1.00,0
10652,4,1.00,0
10653,4,1.00,0
10654,4,1.00,0
10655,4,1.00,0
10656,4,1.00,0
10657,4,1.00,0
10658,4,1.00,0
10659,4,1.00,0
10660,4,1.00,0
10661,4,1.00,0
10662,4,1.00,0
10663,4,1.00,0
10664,4,1.00,0
10665,4,1.00,0
10666,4,1.00,0
10667,4,1.00,0
10668,4,1.00,0
10669,4,1.00,0
10670,4,1.00,0
10671,4,1.00,0
10672,4,1.00,0
10673,4,1.00,0
10674,4,1.00,0
10675,4,1.00,0
10676,4,1.00,0
10677,4,1.00,0
10678,4,1.00,0
10679,4,1.00,0
10680,4,1.00,0
10681,4,1.00,0
10682,4,1.00,0
10683,4,1.00,0
10684,4,1.00,0
10685,4,1.00,0
10686,4,1.00,0
10687,4,1.00,0
10688,4,1.00,0
10689,4,1.00,0
10690,4,1.00,0
10691,4,1.00,0
10692,4,1.00,0
10693,4,1.00,0
10694,4,1.00,0
10695,4,1.00,0
10696,4,1.00,0
10697,4,1.00,0
10698,4,1.00,0
10699,4,1.00,0
10700,4,1.00,0
10701,4,1.00,0
10702,4,1.00,0
10703,4,1.00,0
10704,4,1.00,0
10705,4,1.00,0
10706,4,1.00,0
10707,4,1.00,0
10708,4,1.00,0
10709,4,1.00,0
10710,4,1.00,0
10711,4,1.00,0
10712,4,1.00,0
10713,4,1.00,0
10714,4,1.00,0
10715,4,1.00,0
10716,4,1.00,0
10717,4,1.00,0
10718,4,1.00,0
10719,4,1.00,0
10720,4,1.00,0
10721,4,1.00,0
10722,4,1.00,0
10723,4,1.00,0
10724,4,1.00,0
10725,4,1.00,0
10726,4,1.00,0
10727,4,1.00,0
10728,4,1.00,0
10729,4,1.00,0
10730,4,1.00,0
10731,4,1.00,0
10732,4,1.00,0
10733,4,1.00,0
10734,4,1.00,0
10735,4,1.00,0
10736,4,1.00,0
10737,4,1.00,0
10738,4,1.00,0
10739,4,1.00,0
10740,4,1.00,0
10741,4,1.00,0
10742,4,1.00,0
10743,4,1.00,0
10744,4,1.00,0
10745,4,1.00,0
10746,4,1.00,0
10747,4,1.00,0
10748,4,1.00,0
10749,4,1.00,0
10750,4,1.00,0
10751,4,1.00,0
10752,4,1.00,0
10753,4,1.00,0
10754,4,1.00,0
10755,4,1.00,0
10756,4,1.00,0
10757,4,1.00,0
10758,4,1.00,0
10759,4,1.00,0
10760,4,1.00,0
10761,4,1.00,0
10762,4,1.00,0
10763,4,1.00,0
10764,4,1.00,0
10765,4,1.00,0
10766,4,1.00,0
10767,4,1.00,0
10768,4,1.00,0
10769,4,1.00,0
10770,4,1.00,0
10771,4,1.00,0
10772,4,1.00,0
10773,4,1.00,0
10774,4,1.00,0
10775,4,1.00,0
10776,4,1.00,0
10777,4,1.00,0
10778,4,1.00,0
10779,4,1.00,0
10780,4,1.00,0
10781,4,1.00,0
10782,4,1.00,0
10783,4,1.00,0
10784,4,1.00,0
10785,4,1.00,0
10786,4,1.00,0
10787,4,1.00,0
10788,4,1.00,0
10789,4,1.00,0
10790,4,1.00,0
10791,4,1.00,0
10792,4,1.00,0
10793,4,1.00,0
10794,4,1.00,0
10795,4,1.00,0
10796,4,1.00,0
10797,4,1.00,0
10798,4,1.00,0
10799,4,1.00,0
10800,4,1.00,0
10801,4,1.00,0
10802,4,1.00,0
10803,4,1.00,0
10804,4,1.00,0
10805,4,1.00,0
10806,4,1.00,0
10807,4,1.00,0
10808,4,1.00,0
10809,4,1.00,0
10810,4,1.00,0
10811,4,1.00,0
10812,4,1.00,0
10813,4,1.00,0
10814,4,1.00,0
10815,4,1.00,0
10816,4,1.00,0
10817,4,1.00,0
10818,4,1.00,0
10819,4,1.00,0
10820,4,1.00,0
10821,4,1.00,0
10822,4,1.00,0
10823,4,1.00,0
10824,4,1.00,0
10825,4,1.00,0
10826,4,1.00,0
10827,4,1.00,0
10828,4,1.00,0
10829,4,1.00,0
10830,4,1.00,0
10831,4,1.00,0
10832,4,1.00,0
10833,4,1.00,0
10834,4,1.00,0
10835,4,1.00,0
10836,4,1.00,0
10837,4,1.00,0
10838,4,1.00,0
10839,4,1.00,0
10840,4,1.00,0
10841,4,1.00,0
10842,4,1.00,0
10843,4,1.00,0
10844,4,1.00,0
10845,4,1.00,0
10846,4,1.00,0
10847,4,1.00,0
10848,4,1.00,0
10849,4,1.00,0
10850,4,1.00,0
10851,4,1.00,0
10852,4,1.00,0
10853,4,1.00,0
10854,4,1.00,0
10855,4,1.00,0
10856,4,1.00,0
10857,4,1.00,0
10858,4,1.00,0
10859,4,1.00,0
10860,4,1.00,0
10861,4,1.00,0
10862,4,1.00,0
10863,4,1.00,0
10864,4,1.00,0
10865,4,1.00,0
10866,4,1.00,0
10867,4,1.00,0
10868,4,1.00,0
10869,4,1.00,0
10870,4,1.00,0
10871,4,1.00,0
10872,4,1.00,0
10873,4,1.00,0
10874,4,1.00,0
10875,4,1.00,0
10876,4,1.00,0
10877,4,1.00,0
10878,4,1.00,0
10879,4,1.00,0
10880,4,1.00,0
10881,4,1.00,0
10882,4,1.00,0
10883,4,1.00,0
10884,4,1.00,0
10885,4,1.00,0
10886,4,1.00,0
10887,4,1.00,0
10888,4,1.00,0
10889,4,1.00,0
10890,4,1.00,0
10891,4,1.00,0
10892,4,1.00,0
10893,4,1.00,0
10894,4,1.00,0
10895,4,1.00,0
10896,4,1.00,0
10897,4,1.00,0
10898,4,1.00,0
10899,4,1.00,0
10900,4,1.00,0
10901,4,1.00,0
10902,4,1.00,0
10903,4,1.00,0
10904,4,1.00,0
10905,4,1.00,0
10906,4,1.00,0
10907,4,1.00,0
10908,4,1.00,0
10909,4,1.00,0
10910,4,1.00,0
10911,4,1.00,0
10912,4,1.00,0
10913,4,1.00,0
10914,4,1.00,0
10915,4,1.00,0
10916,4,1.00,0
10917,4,1.00,0
10918,4,1.00,0
10919,4,1.00,0
10920,4,1.00,0
10921,4,1.00,0
10922,4,1.00,0
10923,4,1.00,0
10924,4,1.00,0
10925,4,1.00,0
10926,4,1.00,0
10927,4,1.00,0
10928,4,1.00,0
10929,4,1.00,0
10930,4,1.00,0
10931,4,1.00,0
10932,4,1.00,0
10933,4,1.00,0
10934,4,1.00,0
10935,4,1.00,0
10936,4,1.00,0
10937,4,1.00,0
10938,4,1.00,0
10939,4,1.00,0
10940,4,1.00,0
10941,4,1.00,0
10942,4,1.00,0
10943,4,1.00,0
10944,4,1.00,0
10945,4,1.00,0
10946,4,1.00,0
10947,4,1.00,0
10948,4,1.00,0
10949,4,1.00,0
10950,4,1.00,0
10951,4,1.00,0
10952,4,1.00,0
10953,4,1.00,0
10954,4,1.00,0
10955,4,1.00,0
10956,4,1.00,0
10957,4,1.00,0
10958,4,1.00,0
10959,4,1.00,0
10960,4,1.00,0
10961,4,1.00,0
10962,4,1.00,0
10963,4,1.00,0
10964,4,1.00,0
10965,4,1.00,0
10966,4,1.00,0
10967,4,1.00,0
10968,4,1.00,0
10969,4,1.00,0
10970,4,1.00,0
10971,4,1.00,0
10972,4,1.00,0
10973,4,1.00,0
10974,4,1.00,0
10975,4,1.00,0
10976,4,1.00,0
10977,4,1.00,0
10978,4,1.00,0
10979,4,1.00,0
10980,4,1.00,0
10981,4,1.00,0
10982,4,1.00,0
10983,4,1.00,0
10984,4,1.00,0
10985,4,1.00,0
10986,4,1.00,0
10987,4,1.00,0
10988,4,1.00,0
10989,4,1.00,0
10990,4,1.00,0
10991,4,1.00,0
10992,4,1.00,0
10993,4,1.00,0
10994,4,1.00,0
10995,4,1.00,0
10996,4,1.00,0
10997,4,1.00,0
10998,4,1.00,0
10999,4,1.00,0
11000,4,1.00,0
11001,4,1.00,0
11002,4,1.00,0
11003,4,1.00,0
11004,4,1.00,0
11005,4,1.00,0
11006,4,1.00,0
11007,4,1.00,0
11008,4,1.00,0
11009,4,1.00,0
11010,4,1.00,0
11011,4,1.00,0
11012,4,1.00,0
11013,4,1.00,0
11014,4,1.00,0
11015,4,1.00,0
11016,4,1.00,0
11017,4,1.00,0
11018,4,1.00,0
11019,4,1.00,0
11020,4,1.00,0
11021,4,1.00,0
11022,4,1.00,0
11023,4,1.00,0
11024,4,1.00,0
11025,4,1.00,0
11026,4,1.00,0
11027,4,1.00,0
11028,4,1.00,0
11029,4,1.00,0
11030,4,1.00,0
11031,4,1.00,0
11032,4,1.00,0
11033,4,1.00,0
11034,4,1.00,0
11035,4,1.00,0
11036,4,1.00,0
11037,4,1.00,0
11038,4,1.00,0
11039,4,1.00,0
11040,4,1.00,0
11041,4,1.00,0
11042,4,1.00,0
11043,4,1.00,0
11044,4,1.00,0
11045,4,1.00,0
11046,4,1.00,0
11047,4,1.00,0
11048,4,1.00,0
11049,4,1.00,0
11050,4,1.00,0
11051,4,1.00,0
11052,4,1.00,0
11053,4,1.00,0
11054,4,1.00,0
11055,4,1.00,0
11056,4,1.00,0
11057,4,1.00,0
11058,4,1.00,0
11059,4,1.00,0
11060,4,1.00,0
11061,4,1.00,0
11062,4,1.00,0
11063,4,1.00,0
11064,4,1.00,0
11065,4,1.00,0
11066,4,1.00,0
11067,4,1.00,0
11068,4,1.00,0
11069,4,1.00,0
11070,4,1.00,0
11071,4,1.00,0
11072,4,1.00,0
11073,4,1.00,0
11074,4,1.00,0
11075,4,1.00,0
11076,4,1.00,0
11077,4,1.00,0
11078,4,1.00,0
11079,4,1.00,0
11080,4,1.00,0
11081,4,1.00,0
11082,4,1.00,0
11083,4,1.00,0
11084,4,1.00,0
11085,4,1.00,0
11086,4,1.00,0
11087,4,1.00,0
11088,4,1.00,0
11089,4,1.00,0
11090,4,1.00,0
11091,4,1.00,0
11092,4,1.00,0
11093,4,1.00,0
11094,4,1.00,0
11095,4,1.00,0
11096,4,1.00,0
11097,4,1.00,0
11098,4,1.00,0
11099,4,1.00,0
11100,4,1.00,0
11101,4,1.00,0
11102,4,1.00,0
11103,4,1.00,0
11104,4,1.00,0
11105,4,1.00,0
11106,4,1.00,0
11107,4,1.00,0
11108,4,1.00,0
11109,4,1.00,0
11110,4,1.00,0
11111,4,1.00,0
11112,4,1.00,0
11113,4,1.00,0
11114,4,1.00,0
11115,4,1.00,0
11116,4,1.00,0
11117,4,1.00,0
11118,4,1.00,0
11119,4,1.00,0
11120,4,1.00,0
11121,4,1.00,0
11122,4,1.00,0
11123,4,1.00,0
11124,4,1.00,0
11125,4,1.00,0
11126,4,1.00,0
11127,4,1.00,0
11128,4,1.00,0
11129,4,1.00,0
11130,4,1.00,0
11131,4,1.00,0
11132,4,1.00,0
11133,4,1.00,0
11134,4,1.00,0
11135,4,1.00,0
11136,4,1.00,0
11137,4,1.00,0
11138,4,1.00,0
11139,4,1.00,0
11140,4,1.00,0
11141,4,1.00,0
11142,4,1.00,0
11143,4,1.00,0
11144,4,1.00,0
11145,4,1.00,0
11146,4,1.00,0
11147,4,1.00,0
11148,4,1.00,0
11149,4,1.00,0
11150,4,1.00,0
11151,4,1.00,0
11152,4,1.00,0
11153,4,1.00,0
11154,4,1.00,0
11155,4,1.00,0
11156,4,1.00,0
11157,4,1.00,0
11158,4,1.00,0
11159,4,1.00,0
11160,4,1.00,0
11161,4,1.00,0
11162,4,1.00,0
11163,4,1.00,0
11164,4,1.00,0
11165,4,1.00,0
11166,4,1.00,0
11167,4,1.00,0
11168,4,1.00,0
11169,4,1.00,0
11170,4,1.00,0
11171,4,1.00,0
11172,4,1.00,0
11173,4,1.00,0
11174,4,1.00,0
11175,4,1.00,0
11176,4,1.00,0
11177,4,1.00,0
11178,4,1.00,0
11179,4,1.00,0
11180,4,1.00,0
11181,4,1.00,0
11182,4,1.00,0
11183,4,1.00,0
11184,4,1.00,0
11185,4,1.00,0
11186,4,1.00,0
11187,4,1.00,0
11188,4,1.00,0
11189,4,1.00,0
11190,4,1.00,0
11191,4,1.00,0
11192,4,1.00,0
11193,4,1.00,0
11194,4,1.00,0
11195,4,1.00,0
11196,4,1.00,0
11197,4,1.00,0
11198,4,1.00,0
11199,4,1.00,0
11200,4,1.00,0
11201,4,1.00,0
11202,4,1.00,0
11203,4,1.00,0
11204,4,1.00,0
11205,4,1.00,0
11206,4,1.00,0
11207,4,1.00,0
11208,4,1.00,0
11209,4,1.00,0
11210,4,1.00,0
11211,4,1.00,0
11212,4,1.00,0
11213,4,1.00,0
11214,4,1.00,0
11215,4,1.00,0
11216,4,1.00,0
11217,4,1.00,0
11218,4,1.00,0
11219,4,1.00,0
11220,4,1.00,0
11221,4,1.00,0
11222,4,1.00,0
11223,4,1.00,0
11224,4,1.00,0
11225,4,1.00,0
11226,4,1.00,0
11227,4,1.00,0
11228,4,1.00,0
11229,4,1.00,0
11230,4,1.00,0
11231,4,1.00,0
11232,4,1.00,0
11233,4,1.00,0
11234,4,1.00,0
11235,5,1.00,0
11236,5,1.00,0
11237,5,1.00,0
11238,5,1.00,0
11239,5,1.00,0
11240,5,1.00,0
11241,5,1.00,0
11242,5,1.00,0
11243,5,1.00,0
11244,5,1.00,0
11245,5,1.00,0
11246,5,1.00,0
11247,5,1.00,0
11248,5,1.00,0
11249,5,1.00,0
11250,5,1.00,0
11251,5,1.00,0
11252,5,1.00,0
11253,5,1.00,0
11254,5,1.00,0
11255,5,1.00,0
11256,5,1.00,0
11257,5,1.00,0
11258,5,1.00,0
11259,5,1.00,0
11260,5,1.00,0
11261,5,1.00,0
11262,5,1.00,0
11263,5,1.00,0
11264,5,1.00,0
11265,5,1.00,0
11266,5,1.00,0
11267,5,1.00,0
11268,5,1.00,0
11269,5,1.00,0
11270,5,1.00,0
11271,5,1.00,0
11272,5,1.00,0
11273,5,1.00,0
11274,5,1.00,0
11275,5,1.00,0
11276,5,1.00,0
11277,5,1.00,0
11278,5,1.00,0
11279,5,1.00,0
11280,5,1.00,0
11281,5,1.00,0
11282,5,1.00,0
11283,5,1.00,0
11284,5,1.00,0
11285,5,1.00,0
11286,5,1.00,0
11287,5,1.00,0
11288,5,1.00,0
11289,5,1.00,0
11290,5,1.00,0
11291,5,1.00,0
11292,5,1.00,0
11293,5,1.00,0
11294,5,1.00,0
11295,5,1.00,0
11296,5,1.00,0
11297,5,1.00,0
11298,5,1.00,0
11299,5,1.00,0
11300,5,1.00,0
11301,5,1.00,0
11302,5,1.00,0
11303,5,1.00,0
11304,5,1.00,0
11305,5,1.00,0
11306,5,1.00,0
11307,5,1.00,0
11308,5,1.00,0
11309,5,1.00,0
11310,5,1.00,0
11311,5,1.00,0
11312,5,1.00,0
11313,5,1.00,0
11314,5,1.00,0
11315,5,1.00,0
11316,5,1.00,0
11317,5,1.00,0
11318,5,1.00,0
11319,5,1.00,0
11320,5,1.00,0
11321,5,1.00,0
11322,5,1.00,0
11323,5,1.00,0
11324,5,1.00,0
11325,5,1.00,0
11326,5,1.00,0
11327,5,1.00,0
11328,5,1.00,0
11329,5,1.00,0
11330,5,1.00,0
11331,5,1.00,0
11332,5,1.00,0
11333,5,1.00,0
11334,5,1.00,0
11335,5,1.00,0
11336,5,1.00,0
11337,5,1.00,0
11338,5,1.00,0
11339,5,1.00,0
11340,5,1.00,0
11341,5,1.00,0
11342,5,1.00,0
11343,5,1.00,0
11344,5,1.00,0
11345,5,1.00,0
11346,5,1.00,0
11347,5,1.00,0
11348,5,1.00,0
11349,5,1.00,0
11350,5,1.00,0
11351,5,1.00,0
11352,5,1.00,0
11353,5,1.00,0
11354,5,1.00,0
11355,5,1.00,0
11356,5,1.00,0
11357,5,1.00,0
11358,5,1.00,0
11359,5,1.00,0
11360,5,1.00,0
11361,5,1.00,0
11362,5,1.00,0
11363,5,1.00,0
11364,5,1.00,0
11365,5,1.00,0
11366,5,1.00,0
11367,5,1.00,0
11368,5,1.00,0
11369,5,1.00,0
11370,5,1.00,0
11371,5,1.00,0
11372,5,1.00,0
11373,5,1.00,0
11374,5,1.00,0
11375,5,1.00,0
11376,5,1.00,0
11377,5,1.00,0
11378,5,1.00,0
11379,5,1.00,0
11380,5,1.00,0
11381,5,1.00,0
11382,5,1.00,0
11383,5,1.00,0
11384,5,1.00,0
11385,5,1.00,0
11386,5,1.00,0
11387,5,1.00,0
11388,5,1.00,0
11389,5,1.00,0
11390,5,1.00,0
11391,5,1.00,0
11392,5,1.00,0
11393,5,1.00,0
11394,5,1.00,0
11395,5,1.00,0
11396,5,1.00,0
11397,5,1.00,0
11398,5,1.00,0
11399,5,1.00,0
11400,5,1.00,0
11401,5,1.00,0
11402,5,1.00,0
11403,5,1.00,0
11404,5,1.00,0
11405,5,1.00,0
11406,5,1.00,0
11407,5,1.00,0
11408,5,1.00,0
11409,5,1.00,0
11410,5,1.00,0
11411,5,1.00,0
11412,5,1.00,0
11413,5,1.00,0
11414,5,1.00,0
11415,5,1.00,0
11416,5,1.00,0
11417,5,1.00,0
11418,5,1.00,0
11419,5,1.00,0
11420,5,1.00,0
11421,5,1.00,0
11422,5,1.00,0
11423,5,1.00,0
11424,5,1.00,0
11425,5,1.00,0
11426,5,1.00,0
11427,5,1.00,0
11428,5,1.00,0
11429,5,1.00,0
11430,5,1.00,0
11431,5,1.00,0
11432,5,1.00,0
11433,5,1.00,0
11434,5,1.00,0
11435,5,1.00,0
11436,5,1.00,0
11437,5,1.00,0
11438,5,1.00,0
11439,5,1.00,0
11440,5,1.00,0
11441,5,1.00,0
11442,5,1.00,0
11443,5,1.00,0
11444,5,1.00,0
11445,5,1.00,0
11446,5,1.00,0
11447,5,1.00,0
11448,5,1.00,0
11449,5,1.00,0
11450,5,1.00,0
11451,5,1.00,0
11452,5,1.00,0
11453,5,1.00,0
11454,5,1.00,0
11455,5,1.00,0
11456,5,1.00,0
11457,5,1.00,0
11458,5,1.00,0
11459,5,1.00,0
11460,5,1.00,0
11461,5,1.00,0
11462,5,1.00,0
11463,5,1.00,0
11464,5,1.00,0
11465,5,1.00,0
11466,5,1.00,0
11467,5,1.00,0
11468,5,1.00,0
11469,5,1.00,0
11470,5,1.00,0
11471,5,1.00,0
11472,5,1.00,0
11473,5,1.00,0
11474,5,1.00,0
11475,5,1.00,0
11476,5,1.00,0
11477,5,1.00,0
11478,5,1.00,0
11479,5,1.00,0
11480,5,1.00,0
11481,5,1.00,0
11482,5,1.00,0
11483,5,1.00,0
11484,5,1.00,0
11485,5,1.00,0
11486,5,1.00,0
11487,5,1.00,0
11488,5,1.00,0
11489,5,1.00,0
11490,5,1.00,0
11491,5,1.00,0
11492,5,1.00,0
11493,5,1.00,0
11494,5,1.00,0
11495,5,1.00,0
11496,5,1.00,0
11497,5,1.00,0
11498,5,1.00,0
11499,5,1.00,0
11500,5,1.00,0
11501,5,1.00,0
11502,5,1.00,0
11503,5,1.00,0
11504,5,1.00,0
11505,5,1.00,0
11506,5,1.00,0
11507,5,1.00,0
11508,5,1.00,0
11509,5,1.00,0
11510,5,1.00,0
11511,5,1.00,0
11512,5,1.00,0
11513,5,1.00,0
11514,5,1.00,0
11515,5,1.00,0
11516,5,1.00,0
11517,5,1.00,0
11518,5,1.00,0
11519,5,1.00,0
11520,5,1.00,0
11521,5,1.00,0
11522,5,1.00,0
11523,5,1.00,0
11524,5,1.00,0
11525,5,1.00,0
11526,5,1.00,0
11527,5,1.00,0
11528,5,1.00,0
11529,5,1.00,0
11530,5,1.00,0
11531,5,1.00,0
11532,5,1.00,0
11533,5,1.00,0
11534,5,1.00,0
11535,5,1.00,0
11536,5,1.00,0
11537,5,1.00,0
11538,5,1.00,0
11539,5,1.00,0
11540,5,1.00,0
11541,5,1.00,0
11542,5,1.00,0
11543,5,1.00,0
11544,5,1.00,0
11545,5,1.00,0
11546,5,1.00,0
11547,5,1.00,0
11548,5,1.00,0
11549,5,1.00,0
11550,5,1.00,0
11551,5,1.00,0
11552,5,1.00,0
11553,5,1.00,0
11554,5,1.00,0
11555,5,1.00,0
11556,5,1.00,0
11557,5,1.00,0
11558,5,1.00,0
11559,5,1.00,0
11560,5,1.00,0
11561,5,1.00,0
11562,5,1.00,0
11563,5,1.00,0
11564,5,1.00,0
11565,5,1.00,0
11566,5,1.00,0
11567,5,1.00,0
11568,5,1.00,0
11569,5,1.00,0
11570,5,1.00,0
11571,5,1.00,0
11572,5,1.00,0
11573,5,1.00,0
11574,5,1.00,0
11575,5,1.00,0
11576,5,1.00,0
11577,5,1.00,0
11578,5,1.00,0
11579,5,1.00,0
11580,5,1.00,0
11581,5,1.00,0
11582,5,1.00,0
11583,5,1.00,0
11584,5,1.00,0
11585,5,1.00,0
11586,5,1.00,0
11587,5,1.00,0
11588,5,1.00,0
11589,5,1.00,0
11590,5,1.00,0
11591,5,1.00,0
11592,5,1.00,0
11593,5,1.00,0
11594,5,1.00,0
11595,5,1.00,0
11596,5,1.00,0
11597,5,1.00,0
11598,5,1.00,0
11599,5,1.00,0
11600,5,1.00,0
11601,5,1.00,0
11602,5,1.00,0
11603,5,1.00,0
11604,5,1.00,0
11605,5,1.00,0
11606,5,1.00,0
11607,5,1.00,0
11608,5,1.00,0
11609,5,1.00,0
11610,5,1.00,0
11611,5,1.00,0
11612,5,1.00,0
11613,5,1.00,0
11614,5,1.00,0
11615,5,1.00,0
11616,5,1.00,0
11617,5,1.00,0
11618,5,1.00,0
11619,5,1.00,0
11620,5,1.00,0
11621,5,1.00,0
11622,5,1.00,0
11623,5,1.00,0
11624,5,1.00,0
11625,5,1.00,0
11626,5,1.00,0
11627,5,1.00,0
11628,5,1.00,0
11629,5,1.00,0
11630,5,1.00,0
11631,5,1.00,0
11632,5,1.00,0
11633,5,1.00,0
11634,5,1.00,0
11635,5,1.00,0
11636,5,1.00,0
11637,5,1.00,0
11638,5,1.00,0
11639,5,1.00,0
11640,5,1.00,0
11641,5,1.00,0
11642,5,1.00,0
11643,5,1.00,0
11644,5,1.00,0
11645,5,1.00,0
11646,5,1.00,0
11647,5,1.00,0
11648,5,1.00,0
11649,5,1.00,0
11650,5,1.00,0
11651,5,1.00,0
11652,5,1.00,0
11653,5,1.00,0
11654,5,1.00,0
11655,5,1.00,0
11656,5,1.00,0
11657,5,1.00,0
11658,5,1.00,0
11659,5,1.00,0
11660,5,1.00,0
11661,5,1.00,0
11662,5,1.00,0
11663,5,1.00,0
11664,5,1.00,0
11665,5,1.00,0
11666,5,1.00,0
11667,5,1.00,0
11668,5,1.00,0
11669,5,1.00,0
11670,5,1.00,0
11671,5,1.00,0
11672,5,1.00,0
11673,5,1.00,0
11674,5,1.00,0
11675,5,1.00,0
11676,5,1.00,0
11677,5,1.00,0
11678,5,1.00,0
11679,5,1.00,0
11680,5,1.00,0
11681,5,1.00,0
11682,5,1.00,0
11683,5,1.00,0
11684,5,1.00,0
11685,5,1.00,0
11686,5,1.00,0
11687,5,1.00,0
11688,5,1.00,0
11689,5,1.00,0
11690,5,1.00,0
11691,5,1.00,0
11692,5,1.00,0
11693,5,1.00,0
11694,5,1.00,0
11695,5,1.00,0
11696,5,1.00,0
11697,5,1.00,0
11698,5,1.00,0
11699,5,1.00,0
11700,5,1.00,0
11701,5,1.00,0
11702,5,1.00,0
11703,5,1.00,0
11704,5,1.00,0
11705,5,1.00,0
11706,5,1.00,0
11707,5,1.00,0
11708,5,1.00,0
11709,5,1.00,0
11710,5,1.00,0
11711,5,1.00,0
11712,5,1.00,0
11713,5,1.00,0
11714,5,1.00,0
11715,5,1.00,0
11716,5,1.00,0
11717,5,1.00,0
11718,5,1.00,0
11719,5,1.00,0
11720,5,1.00,0
11721,5,1.00,0
11722,5,1.00,0
11723,5,1.00,0
11724,5,1.00,0
11725,5,1.00,0
11726,5,1.00,0
11727,5,1.00,0
11728,5,1.00,0
11729,5,1.00,0
11730,5,1.00,0
11731,5,1.00,0
11732,5,1.00,0
11733,5,1.00,0
11734,5,1.00,0
11735,5,1.00,0
11736,5,1.00,0
11737,5,1.00,0
11738,5,1.00,0
11739,5,1.00,0
11740,5,1.00,0
11741,5,1.00,0
11742,5,1.00,0
11743,5,1.00,0
11744,5,1.00,0
11745,5,1.00,0
11746,5,1.00,0
11747,5,1.00,0
11748,5,1.00,0
11749,5,1.00,0
11750,5,1.00,0
11751,5,1.00,0
11752,5,1.00,0
11753,5,1.00,0
11754,5,1.00,0
11755,5,1.00,0
11756,5,1.00,0
11757,5,1.00,0
11758,5,1.00,0
11759,5,1.00,0
11760,5,1.00,0
11761,5,1.00,0
11762,5,1.00,0
11763,5,1.00,0
11764,5,1.00,0
11765,5,1.00,0
11766,5,1.00,0
11767,5,1.00,0
11768,5,1.00,0
11769,5,1.00,0
11770,5,1.00,0
11771,5,1.00,0
11772,5,1.00,0
11773,5,1.00,0
11774,5,1.00,0
11775,5,1.00,0
11776,5,1.00,0
11777,5,1.00,0
11778,5,1.00,0
11779,5,1.00,0
11780,5,1.00,0
11781,5,1.00,0
11782,5,1.00,0
11783,5,1.00,0
11784,5,1.00,0
11785,5,1.00,0
11786,5,1.00,0
11787,5,1.00,0
11788,5,1.00,0
11789,5,1.00,0
11790,5,1.00,0
11791,5,1.00,0
11792,5,1.00,0
11793,5,1.00,0
11794,5,1.00,0
11795,5,1.00,0
11796,5,1.00,0
11797,5,1.00,0
11798,5,1.00,0
11799,5,1.00,0
11800,5,1.00,0
11801,5,1.00,0
11802,5,1.00,0
11803,5,1.00,0
11804,5,1.00,0
11805,5,1.00,0
11806,5,1.00,0
11807,5,1.00,0
11808,5,1.00,0
11809,5,1.00,0
11810,5,1.00,0
11811,5,1.00,0
11812,5,1.00,0
11813,5,1.00,0
11814,5,1.00,0
11815,5,1.00,0
11816,5,1.00,0
11817,5,1.00,0
11818,5,1.00,0
11819,5,1.00,0
11820,5,1.00,0
11821,5,1.00,0
11822,5,1.00,0
11823,5,1.00,0
11824,5,1.00,0
11825,5,1.00,0
11826,5,1.00,0
11827,5,1.00,0
11828,5,1.00,0
11829,5,1.00,0
11830,5,1.00,0
11831,5,1.00,0
11832,5,1.00,0
11833,5,1.00,0
11834,5,1.00,0